{"cameraMode":{"drawMode":0,"name":"Shaded","section":"Shading Mode"},"sceneLighting":true,"audioPlay":false,"sceneViewState":{"m_AlwaysRefresh":false,"showFog":true,"showSkybox":true,"showFlares":true,"showImageEffects":true,"showParticleSystems":true,"showVisualEffectGraphs":true,"m_FxEnabled":true},"in2DMode":false,"pivot":{"x":0.16751143336296082,"y":1.8093043565750123,"z":-26.0417423248291},"rotation":{"x":0.19992376863956452,"y":0.015003612264990807,"z":-0.003060020972043276,"w":0.9796696305274963},"size":1.5440064668655396,"orthographic":false}