{"cameraMode":{"drawMode":0,"name":"Shaded","section":"Shading Mode"},"sceneLighting":true,"audioPlay":false,"sceneViewState":{"m_AlwaysRefresh":false,"showFog":true,"showSkybox":true,"showFlares":true,"showImageEffects":true,"showParticleSystems":true,"showVisualEffectGraphs":true,"m_FxEnabled":true},"in2DMode":false,"pivot":{"x":0.4505353569984436,"y":0.8545126914978027,"z":-25.46755599975586},"rotation":{"x":0.27264896035194399,"y":0.032043419778347018,"z":-0.009084204211831093,"w":0.961514413356781},"size":0.5206262469291687,"orthographic":false}