{"cameraMode":{"drawMode":0,"name":"Shaded","section":"Shading Mode"},"sceneLighting":true,"audioPlay":false,"sceneViewState":{"m_AlwaysRefresh":false,"showFog":true,"showSkybox":true,"showFlares":true,"showImageEffects":true,"showParticleSystems":true,"showVisualEffectGraphs":true,"m_FxEnabled":true},"in2DMode":false,"pivot":{"x":0.17815156280994416,"y":1.8555063009262086,"z":-26.02242660522461},"rotation":{"x":0.19992376863956452,"y":0.015003612264990807,"z":-0.003060020972043276,"w":0.9796696305274963},"size":0.5206262469291687,"orthographic":false}